gstout,40.93,
bkaulback,39.89,
theviper,39.33,
jonesj,38.51,
baltimoreclipper,36.84,
eddiemorales,36.5,
lbthad,36.48,
markfair,35.83,
mikescar,35.48,
peteh,35.17,
jkulsa,34.96,
bwalton,34.74,
tommy,34.74,
maddg180,34.71,
extremehop,34.41,
billyj,34.24,
robertdixon,34.23,
jpidarts,34.21,
timadams,34.21,
fleasandticks,34.18,
r1breck,34.15,
bg420,34.11,
trooper,34.11,
darthack57,33.98,
sheareynolds,33.96,
ozzie,33.9,
eds,33.86,
phxkix76,33.83,
bullcoks,33.78,
melissap180,33.68,
lonnykempf68,33.57,
davidllerena,33.44,
teamstai350,33.44,
vindel,33.32,
kkaneshi,33.31,
johnnyk180,33.3,
crath,33.1,
andym,33.05,
rstewart,33.02,
dartmaster,32.85,
kluhr,32.76,
tigertok,32.75,
philman,32.7,
spricket,32.68,
kamander,32.63,
ashten,32.63,
doug808,32.57,
elmer,32.5,
shad13,32.4,
craigi,32.38,
drowdd,32.37,
kory,32.37,
nickriv,32.35,
killian24,32.33,
danthomas,32.31,
jgraton,32.29,
drstew1277,32.25,
js49ers,32.22,
allenjohnson,32.22,
scorpion180,32.22,
data174,32.1,
adamy,32.1,
peterl,31.93,
johnnymacc36,31.89,
jjjamriska,31.83,
won23,31.81,
eroper,31.79,
rlweevo8,31.73,
jeddart,31.49,
mmensinger,31.48,
dsiperly,31.39,
george,31.34,
mofsie0176,31.34,
abrant95,31.21,
pvelenger,31.2,
markmeares,31.19,
mark104,31.13,
dallas88,31.08,
jharv1985,31.06,
ddartgod,31.05,
devonation,31.03,
miker,30.94,
jstilts,30.89,
rascal808,30.85,
emily,30.82,
jlee,30.81,
harold,30.8,
kevinlloyd,30.79,
mikegloss,30.75,
chricrouch,30.72,
montana16,30.66,
jesswncr1,30.64,
ronniecole,30.63,
kerwinlloyd,30.54,
schultzy,30.54,
kalehilligas,30.45,
markkoldesko,30.44,
carolinakid,30.41,
mallison,30.39,
dartkid1,30.34,
craigh,30.31,
johnbeard,30.31,
sidney,30.27,
dcarberry,30.22,
lakertime,30.21,
sdubois,30.21,
browns,30.2,
bartz123,30.15,
whitehorse1,30.14,
azpig,30.08,
scherbing,29.99,
dennis69,29.94,
steve,29.94,
wed190,29.9,
chrisg,29.82,
claylittle,29.81,
cdouthat,29.81,
cmrath,29.78,
wbloss,29.78,
rr061863,29.78,
maggotbrain,29.77,
edotts,29.77,
skinny,29.73,
jbush,29.71,
cashkutz77,29.7,
dflowers,29.67,
mikeeee,29.61,
jrod,29.59,
tubby1972,29.59,
dgarlough,29.57,
lucky,29.56,
pesky,29.54,
drew14500,29.48,
codyreynolds,29.47,
edshoepe,29.46,
willie,29.45,
tylermeares,29.44,
adamwunglueck,29.39,
elizabeth,29.35,
gam,29.33,
kevintaylor,29.3,
showers,29.29,
robert0915,29.23,
sixdartout,29.2,
haas,29.17,
brianp,29.17,
brettroberts,29.16,
ixnay1039,29.16,
jeffn,29.15,
clizzardism,29.13,
davewilderman,29.12,
jdaddio,29.08,
rschmitt,29.07,
danb,29.05,
localasian,29.02,
ronnellb,28.95,
greg,28.94,
kekic,28.94,
randy,28.91,
dirtrider929,28.86,
ted420,28.83,
buckslayer33,28.82,
rprince,28.82,
naluboy04,28.73,
weldprorp1,28.68,
whoppa72,28.66,
dradner,28.66,
ericg,28.65,
bobby147,28.61,
nightcap24,28.5,
woodpecker,28.49,
tony,28.49,
k1ng,28.46,
jranold05,28.45,
speedy12,28.44,
joeymeade,28.43,
gramirez,28.41,
johno,28.34,
bjones,28.33,
j2346,28.32,
rustylewis,28.22,
skidoo,28.14,
munoz5665,28.14,
wheeler10,28.13,
boomer10,28.11,
dartmonster,28.11,
j120477d,28.1,
stevthomps,28.09,
brickaz,28.09,
giulio,28.05,
richardd,28.04,
yamblaster200,28.03,
paulp,28.03,
galactus0504,28.01,
halstorm,28,
mikebarr,27.98,
crobs1,27.98,
russsalvador,27.97,
dylanandersen,27.96,
kieron,27.93,
cthomas81,27.92,
onoboy,27.92,
bigal,27.91,
unkie,27.89,
apg7879kids9,27.88,
clyde,27.71,
tmistydad2,27.68,
bobcody19588,27.67,
brians,27.67,
junior,27.55,
toto,27.55,
brian1527,27.52,
dceric1313,27.49,
b2469,27.48,
k0na,27.47,
monkey,27.45,
tomwilliamson,27.43,
dgomez,27.43,
michaelmelo,27.41,
jmb110672,27.36,
tdempsey,27.33,
billeast,27.28,
jake001,27.26,
dinman,27.24,
bryan56,27.23,
mrrogers,27.2,
xzavier,27.2,
bubba,27.14,
krugi1121,27.12,
melissa8604,27.11,
ryandahammah,27.1,
pjlasher,27.08,
cowboy,27.08,
tommygun760,27.07,
justin87,27.06,
bobmccoll,27.05,
angrysmurf,27.03,
ryanrichards,27.01,
matt1129,27.01,
jimmyworrell,27,
bobbyg,26.98,
bradons,26.96,
grimct,26.95,
shartnett,26.95,
eggs,26.94,
khos,26.93,
bigjosh6106,26.9,
dvinesky,26.9,
tidal,26.85,
robbie,26.83,
dwright,26.83,
j2206,26.8,
boomboom,26.79,
fatboyzjerky,26.7,
frog,26.68,
kpenney,26.68,
ace,26.65,
wayners15,26.62,
dartssking25,26.6,
porkpie1,26.6,
alvinreynolds,26.59,
jimkinee,26.59,
kormick,26.54,
shawn730,26.51,
peaches33,26.49,
q1718,26.47,
cb112233,26.47,
pops,26.46,
lukelee,26.46,
davidhickman,26.45,
lilybaby,26.43,
yurga,26.41,
egarma,26.38,
rockowen,26.36,
gimo,26.35,
fdurst101,26.34,
zjohnson89,26.33,
dankchina,26.32,
mattycakes,26.32,
jer069,26.31,
fat1179,26.3,
repodart,26.3,
lazerxdarts,26.3,
hendog72,26.28,
salanga,26.27,
keithk575,26.26,
jef1712,26.24,
shelleyponte,26.23,
mtprice20,26.21,
madhatter,26.21,
smp4,26.15,
gdoheny,26.14,
joej,26.13,
dodgers23,26.13,
jeff,26.1,
thegiant,26.09,
hawk,26.08,
slepecki,26.06,
tkunkel,26.06,
fburns19,26.05,
aname3,26.05,
justinproctor,26.04,
rw1234,26.02,
cody12,26.02,
bnolder,26,
redneck,26,
jluke,26,
tinsken1,25.99,
m00300003,25.98,
ben,25.95,
villain,25.94,
deleonibus,25.91,
jtrip12,25.9,
crazynative,25.86,
drifta808,25.86,
bblake,25.85,
hdossantos,25.85,
drew1191,25.81,
heath,25.8,
georgefarr,25.79,
rfeche2370,25.79,
kostura14,25.76,
eddwin,25.72,
bobboh10,25.72,
rkeckler,25.71,
pillowpants69,25.71,
teer2,25.71,
mnichols69,25.68,
jdub,25.66,
billbeard,25.64,
murrdogg,25.63,
fjames,25.63,
rushed55,25.6,
dsmithii,25.59,
mo180,25.57,
tensaibaka1,25.56,
themind1162,25.46,
phillies1,25.42,
edb,25.41,
bobby,25.39,
richieo31,25.36,
pudge017,25.35,
aaa32,25.33,
ggarma808,25.3,
greghensley,25.26,
pico,25.21,
billt3316,25.2,
bsandman6,25.2,
joshmeyer,25.18,
peten,25.15,
denise0904,25.14,
mooseluce,25.12,
thedartshop,25.12,
brooksy3423,25.11,
dewaynewaite,25.08,
marinesniper1,25.08,
dman72,25.06,
lelan,25.06,
bobt,25.05,
clint12,25.05,
chris12,25.04,
dancer61024,25,
cowboy0927,24.99,
bud,24.92,
leod,24.91,
nsasinowski,24.89,
kleaver,24.88,
skrzat,24.88,
crow2103,24.86,
rmole,24.84,
ad2266,24.83,
dennis1,24.8,
patrick,24.79,
stephanietaylor,24.78,
jamess,24.77,
xmarc72x,24.75,
g2112,24.73,
dustinvalentine,24.72,
sneuplazx,24.71,
haroldt,24.71,
ronsmith,24.67,
carloselizondo,24.66,
silenttd,24.64,
boibbymac,24.64,
briancastilho,24.63,
christinabanks,24.63,
frank13,24.63,
bborelli,24.62,
dseamans,24.59,
walton17535,24.59,
sski,24.56,
jp324,24.52,
flizzip,24.51,
matthewf,24.5,
cuyemura,24.47,
johnmeyke,24.47,
lugo022774,24.43,
lynn,24.4,
armock,24.39,
tbusch,24.38,
curtis79,24.34,
jody,24.33,
primtime,24.3,
victor1122,24.28,
craigbrew,24.26,
rohlfing04,24.26,
parker,24.24,
fancy,24.24,
kirklee,24.22,
hazmat,24.22,
shrek,24.22,
hollywood,24.19,
eichornadam,24.17,
jasongodek,24.16,
ckhawaii1,24.16,
joseph12,24.16,
mkpro,24.14,
jschmidt,24.12,
paulheminover,24.11,
bkunkel,24.11,
jeffgaiggs,24.1,
michelles,24.09,
raiders,24.09,
jim2529,24.08,
soko721,24.06,
rilo,24.06,
frank,24.04,
toshio71,24.01,
changgi,24.01,
reno,23.98,
azjacob97,23.97,
mplatt,23.97,
weerdo626,23.95,
houdini,23.94,
ediamond,23.91,
callie75,23.89,
lokene,23.88,
airgaswest,23.86,
preston,23.84,
dustinanderson,23.83,
hogan83,23.82,
toobad,23.81,
mrdart7718,23.78,
asuwest,23.77,
alanl,23.76,
larrynickols,23.76,
tinman,23.74,
jimmie,23.74,
won234,23.73,
bhughes,23.73,
jojostratton,23.72,
vetteman,23.72,
shieldsda,23.71,
daveandersen,23.7,
pauliej,23.69,
ronm,23.66,
jennifer,23.64,
rvera,23.64,
powiethepower,23.63,
danka93,23.58,
zman240,23.57,
steelcurt77,23.56,
butter,23.53,
jeff12,23.52,
tomvanson,23.47,
bigred1,23.46,
psychooh,23.43,
cavronie,23.43,
tbevans,23.41,
sami1713,23.39,
michaelh,23.36,
kenneth,23.36,
dyork778,23.35,
dwalker1172,23.33,
jwells,23.31,
ralphc,23.31,
goodwij7,23.3,
dartteese,23.3,
erickwok,23.22,
larryvaughn,23.2,
anna,23.19,
irish,23.15,
gaz66,23.15,
cats21464,23.14,
stirfry,23.11,
neal,23.09,
justlaugh,23.07,
jelway0799,23.07,
lamato,23.06,
kevin,23.05,
ryanlutz28,23.01,
hotrod24,23,
zdopey,22.99,
travis12,22.99,
wingfield,22.99,
usa1,22.96,
jimbodish3,22.96,
twinred,22.95,
aleksiejczyk,22.95,
bentshaft,22.89,
grantono53,22.88,
trainer6,22.87,
linky,22.84,
chelle666,22.81,
veek5,22.77,
adamr,22.74,
rlutz28,22.71,
scottyw12,22.69,
apple12345,22.66,
boltz,22.61,
bobo,22.61,
tash,22.6,
highman,22.6,
seankturner74,22.59,
busta808,22.59,
crash1031,22.58,
brightsmiles84,22.56,
mark,22.55,
charlesross,22.53,
smurphy,22.5,
kota94,22.5,
jsparrow02,22.48,
jbrown,22.48,
dave221,22.45,
changgi2,22.45,
michaelmayberry,22.4,
robertambs,22.4,
edwin33,22.39,
figgy,22.39,
rick,22.37,
matt,22.36,
mkurley,22.36,
kaosjoker,22.34,
trobertson,22.31,
saintsfan,22.31,
sstew1277,22.3,
cowboybob,22.26,
willieszabo,22.25,
jaybee,22.24,
pinoy8604,22.23,
paulpagtama,22.19,
osaru303,22.19,
kurse,22.19,
jmg1380,22.18,
yonez,22.17,
carolynne79,22.11,
mattrisoldi,22.1,
ktillah808,22.09,
xrateddarts,22.07,
kingkaio77,22.04,
crashdavis08,22.01,
billkinee,22,
quintmateen,21.93,
pochobuilt,21.9,
romans828,21.86,
cortez,21.84,
keg62283,21.84,
mspicer,21.83,
jakarai06,21.82,
douglass,21.81,
wmsfresh,21.81,
gwgardnerjr,21.77,
jasondodge,21.71,
kris922,21.71,
jeff6161,21.68,
isaac5,21.67,
davebyer,21.67,
janeleong,21.65,
hevy908,21.64,
jryanwong,21.64,
owosso,21.63,
jbugow,21.63,
hcedillo,21.62,
bryon7,21.6,
marc,21.6,
mz86,21.55,
theron,21.55,
toxic,21.54,
goree4259,21.54,
jlivensparger,21.51,
kimbavalentine,21.5,
dartdaughter,21.5,
buttonsmisty2012,21.5,
test01,21.5,
ashadowa,21.5,
teammurder,21.47,
timrussell,21.46,
nathantse,21.45,
braddahtom,21.44,
tomblake,21.43,
swetness,21.42,
ross,21.42,
gdart1,21.39,
m1dg2003,21.38,
edw1n,21.37,
teeisme,21.36,
phillarican,21.34,
wingman,21.34,
richieshephard,21.33,
dman,21.3,
gsilkey,21.29,
travish,21.29,
dked,21.26,
teleebes10,21.25,
drperformanceny,21.24,
hesbros,21.23,
ckelley,21.23,
dbotelho71,21.22,
ikaikab,21.21,
hase81m,21.17,
kate314,21.16,
gasman,21.15,
wigs90,21.12,
tonyz,21.11,
dartmaster56,21.11,
password,21.11,
nrck0814,21.06,
askum84,21.05,
kendalltisdale,21.05,
victoria,21.05,
pb03171965,21.05,
jlinko18,21.04,
shane,21.04,
henry,21.02,
hophead,21,
woodysouthwest,20.98,
kdub706,20.96,
larryv,20.95,
erock666,20.94,
albertmaerz,20.94,
cindy,20.94,
jeffreypaiz31,20.92,
bkelly,20.9,
shawnee,20.9,
m3151,20.87,
paulyboy,20.85,
spot819,20.84,
avdarts,20.82,
dilligaf,20.81,
mosdef8,20.8,
derekw,20.8,
fginder,20.78,
fry1488,20.77,
jesse,20.75,
skikuchi2,20.73,
james,20.72,
krystyna1,20.72,
jason0612,20.72,
gyver,20.71,
aguilera,20.69,
peanut01,20.66,
jmclean,20.64,
jbucket53,20.64,
docb,20.64,
usmcela,20.63,
ochoseis,20.62,
robert12,20.61,
wzv100,20.61,
fishgodz1,20.61,
dartbitch,20.6,
evoracer,20.59,
sheri,20.58,
dkane808,20.56,
addie2marie,20.55,
elwall,20.55,
creldredge,20.53,
st0307,20.53,
amberhuddleston,20.5,
dawnlewis,20.49,
toddbowen,20.45,
ttrips,20.44,
badassblunt420,20.43,
god0915,20.43,
djcp04,20.4,
ton8022,20.4,
daveward,20.37,
jsherwin85,20.36,
thurnis,20.35,
brian,20.35,
burnout420,20.35,
dj9999,20.34,
satu808,20.33,
ogysjules,20.32,
dannyhidalgo,20.29,
johnparsons,20.29,
los,20.29,
theshonzie13,20.28,
day10,20.27,
jgsquirt,20.27,
umbrellar3d,20.25,
diana,20.22,
stevo,20.2,
wallflower,20.2,
woozy,20.18,
rnich,20.14,
yanni,20.13,
milkmantim,20.13,
johnd,20.12,
tbowk2006,20.12,
rmdragonite,20.1,
tattedgod,20.08,
billklenske,20.06,
kelli722,20.06,
stevek,20.04,
mslusser,20.04,
lerowalker,20.03,
brad666,19.99,
hawkeye,19.95,
nicolemanning,19.93,
peekn01,19.92,
matt79,19.92,
kristens,19.91,
tobinblows,19.9,
vancil,19.88,
kevinkevo,19.82,
tigers,19.82,
angelakuhn,19.81,
katiwillis,19.81,
keithsielaff,19.81,
mikebrown,19.8,
drock,19.8,
dale,19.8,
dartroom,19.79,
amberbell319,19.78,
haybray54,19.77,
khackman,19.76,
lalkov,19.74,
tampatay2012,19.73,
azjeg,19.69,
minami15,19.69,
brandong,19.69,
boozer12,19.68,
nsiperly,19.64,
gina510,19.63,
kristi,19.61,
chrislaconecti,19.6,
jlopez,19.59,
jake279,19.56,
gabbychubby,19.56,
jkelley,19.54,
scottf,19.54,
rob0227,19.5,
ilovedarts4life,19.5,
warubozo,19.5,
jgarma808,19.49,
naonep,19.49,
highcountry1,19.49,
davidh,19.46,
jamies,19.45,
boomer808,19.45,
teresa,19.44,
shawn,19.44,
bobbylite,19.42,
springball2013,19.42,
garystratton,19.41,
dom123,19.41,
byungsil,19.4,
marci,19.38,
michellebriggs,19.33,
jason,19.32,
kiki,19.31,
bnjd1211,19.29,
mickihughes,19.27,
toolbox,19.26,
freddiex13,19.26,
hica5t3r,19.25,
mark12,19.24,
diggs5646,19.24,
cakemaker,19.23,
mcshaft,19.23,
matto,19.23,
ernie,19.23,
mrsvans2006,19.23,
cory0604,19.22,
hollister,19.22,
keola,19.19,
brian71d,19.17,
giggles,19.17,
superiordarts68,19.16,
valrog1999,19.16,
wushutiger,19.14,
kennelai2,19.12,
boostrich1,19.11,
tiim1007,19.08,
champs8008,19.07,
jrrepoman,19.06,
tommygun,19.06,
kaybrew23,19.01,
tank01,19.01,
jayperez,19.01,
mannaree09,19.01,
bobbymcngrace,19,
lmnop,19,
dabomb1,19,
danielacosta,18.97,
cherlee522,18.96,
badjoojoo,18.95,
florence69,18.94,
suzysmith8094,18.94,
yeddie,18.94,
nick,18.93,
sacrtc01,18.93,
ang1966,18.89,
sean,18.89,
rkythethird,18.88,
zelda,18.88,
martinc,18.86,
ashelyschultz,18.85,
therealjamece,18.84,
carla,18.81,
kate17182,18.8,
sebar003,18.79,
tonyhannon,18.77,
z97056,18.76,
skatepunk1,18.76,
tweetychic,18.76,
rberry78,18.75,
mparks,18.73,
tri808,18.72,
messina,18.72,
javoigt1,18.69,
pointwhore58,18.68,
mylinda,18.68,
arapahopi,18.68,
nicole,18.68,
chelsea0330,18.66,
evag,18.65,
ambrogis,18.63,
gmoney,18.62,
tiger1,18.59,
rstauter66,18.58,
barb3549,18.56,
swede1,18.56,
mikeberk29,18.56,
chandre,18.55,
mikeyb,18.55,
dawnn01,18.54,
txnguyen,18.53,
patrita,18.53,
austin9,18.52,
alohag94,18.51,
borda,18.49,
kimg,18.48,
ablank,18.48,
bossdave11,18.45,
juliosr,18.42,
tadc,18.4,
megganleigh,18.4,
jfmjr,18.4,
danieldgt7,18.39,
c1134,18.38,
lisaxleon,18.35,
carolbarrow,18.34,
washerman,18.33,
darla,18.31,
bfiorani,18.31,
lauressa1,18.31,
bktakao6,18.31,
brett,18.3,
haleyalexander,18.29,
dlmoore1229,18.27,
cronickiller,18.26,
microtails2,18.25,
petee,18.25,
tguthrie630,18.2,
homer13,18.19,
bez32,18.17,
mrmike,18.17,
kevinb,18.17,
jr22,18.13,
dart5th,18.13,
skylar76,18.12,
hoofarted,18.12,
shinjo1,18.11,
thutchinson,18.11,
filsis,18.08,
aaron200377,18.08,
rbarragan01,18.07,
ohgetoverit,18.07,
coreyarhart,18.05,
d000420,18.05,
gk9916,18.05,
hank,18.04,
caine,18.04,
rinoe,18.03,
blizz808,18.02,
hizzi38,18.02,
asufan94,18.01,
mikeylikedit,18.01,
jimrobinson,18,
goose,17.99,
rapper0913,17.99,
josedlc,17.96,
snape,17.95,
bbdarts,17.92,
beerme12pk,17.91,
mxracer249,17.88,
tmfj,17.88,
honeygrl88,17.88,
rachelh423,17.86,
robert,17.86,
jello33,17.85,
jamesdet,17.83,
flipmaster,17.83,
megzy07,17.8,
wade,17.79,
matthews28,17.79,
brittany14,17.78,
mwyma2002,17.75,
dmatthews,17.72,
majinbuu808,17.71,
bcap4800,17.7,
madwrenches,17.69,
phxcaps,17.68,
paulcz,17.68,
gina,17.66,
nutz,17.66,
violet,17.65,
bjamin18,17.65,
phoenixlily,17.64,
epicdave,17.63,
brandy12,17.63,
hjtyler,17.61,
cscheg8311,17.6,
tjohnson,17.59,
ruben12,17.59,
hwanta,17.58,
gspot,17.57,
redhoney,17.54,
skunishima,17.53,
m1014,17.51,
arthuperez,17.48,
rickybobby,17.47,
chris,17.45,
skullmonkey,17.45,
kaitehild,17.44,
james7291,17.43,
julio1,17.42,
djroskull1,17.4,
walks,17.38,
mdaley,17.36,
wiggle1,17.34,
chromedog069,17.33,
mike12,17.33,
rome62,17.32,
christa14,17.31,
exactice,17.29,
ronint80,17.28,
marmish,17.27,
beckynickie,17.26,
karibk,17.24,
devin,17.23,
shaas,17.23,
allknightlong1,17.22,
gabs8842,17.2,
chrissy1215,17.2,
gorilla92,17.19,
sanderella,17.17,
michele618,17.17,
jrebolledo,17.16,
valwolff83,17.16,
peterali,17.15,
drifter808,17.15,
bwakino,17.14,
caster100,17.14,
karenli8684,17.14,
rky3,17.12,
anyorgen,17.12,
cbell,17.11,
darts,17.11,
vincent,17.11,
jenng24,17.08,
majorfazer10,17.07,
mas1113,17.07,
sflicinski,17.07,
devinpreston,17.06,
eddygrey,17.05,
butthead1,17.04,
howeta,17.04,
tammyworrell,17.03,
morawetz,17.03,
john,17.01,
jimgrier,17,
cricket5134,16.99,
az691515,16.98,
randymcnown,16.98,
hannoncannon,16.97,
petermary,16.95,
zroberts,16.95,
axb0350,16.94,
bman77420,16.93,
mannaree,16.93,
rogern,16.93,
skinman923,16.91,
matt12,16.91,
kroberts798,16.88,
vr666,16.87,
joanne,16.87,
jazzygirl,16.86,
lils,16.85,
fnherrera12,16.8,
jthom195,16.77,
boltz2,16.75,
docb1972,16.75,
stalker,16.73,
ciawsum,16.72,
jeremyl,16.71,
adunn2004,16.7,
jmatthews,16.7,
phantomace88,16.69,
shan,16.68,
tracey226,16.67,
ajax,16.66,
,16.66,
marian,16.65,
dennymiller38,16.65,
awright,16.6,
lorilarson,16.59,
eric00af,16.58,
dee12,16.56,
isaa,16.56,
jdbarba104,16.54,
jessew,16.52,
mikev,16.5,
preston215,16.47,
gmark808,16.45,
destanieward,16.44,
negler0213,16.43,
apache928,16.41,
raptor1,16.41,
crystal,16.4,
ballsack,16.4,
matttheman,16.38,
tachitachi,16.37,
jethridge70,16.35,
setinstoneaz,16.35,
brownie,16.33,
chrisparsons,16.33,
stu@dartoo.us,16.33,
rickholg,16.31,
joeb,16.29,
jadiebabe21,16.28,
johndani01,16.28,
raiders1,16.27,
donna12,16.26,
msmusic89,16.24,
jlophx,16.23,
hayleysaint,16.22,
bjaeger87,16.22,
danagardner,16.22,
kcdia2468,16.19,
paulie,16.19,
lynelle,16.18,
snake31237,16.18,
twalker,16.18,
cari,16.17,
kid25,16.15,
broxbombers,16.15,
becky,16.15,
lisalongoria,16.14,
jerrys,16.14,
jeffie,16.14,
psharp,16.14,
russell,16.13,
glazdave,16.12,
deblyons,16.08,
driverbob,16.07,
podnar,16.06,
yooper,16.05,
jeffrey,16.05,
rody1,16.01,
sueanns,16,
lynda,16,
squidman,16,
ckiser14,15.99,
devyn12,15.99,
lovinghop,15.97,
flyers506,15.97,
jmac220,15.95,
pdcbta5,15.88,
beatricebush,15.87,
rainman45,15.87,
dar324,15.87,
icewhit,15.86,
tinaleen0955,15.85,
tumi01,15.84,
debbieboren,15.83,
ccardona2411,15.83,
julz,15.82,
tkinsel60,15.81,
twood5,15.78,
deven,15.78,
beff,15.76,
bassandsnare,15.75,
gjohnson,15.75,
dcmarcus,15.75,
clandis1,15.73,
wayne,15.73,
bigbeardan,15.71,
greensgreen,15.71,
jmkingpin,15.7,
labelwise,15.68,
thedewman,15.68,
path,15.67,
rusty,15.67,
philip12,15.67,
wburcham,15.66,
jap0421,15.65,
juanita123,15.65,
jdmnate,15.63,
tiffanyparker,15.63,
xginealachbb,15.62,
kyle623,15.6,
po28,15.6,
dizziboi,15.59,
rainizzle,15.59,
jadeemm,15.58,
rmichiue,15.57,
trxtr75,15.57,
bboiraven,15.56,
cmbarnett04,15.56,
thelmahughes,15.55,
acolon,15.55,
biancamarie,15.55,
thekeg,15.55,
honey,15.52,
frailey,19.9,
zachident,15.51,
godshall,15.51,
brownie1015,15.49,
jimluft,15.48,
allierenfrow,15.47,
willhills,15.46,
andib,15.44,
joecarroll,15.43,
dshouseman,15.42,
monicab1110,15.42,
nabox64,15.42,
teampile,15.41,
msgalactus,15.39,
randyshaw1,15.35,
kbkurmis,15.34,
girlsswimtaxi,15.33,
chris1123,15.32,
kinger,15.32,
rsipler,15.32,
pocketrocket,15.31,
wwilk1989,15.28,
rsh25,15.27,
canoetee,15.26,
cheryl,15.26,
kfletch,15.25,
gracie,15.24,
brandi,15.24,
klass,15.23,
bjkelly,15.22,
memphis1367,15.22,
johan,15.22,
scofflow,15.2,
gravy1,15.19,
creed84,15.15,
jjl6942,15.15,
sheiladill,15.13,
rookie,15.09,
jdmasfuk,15.09,
mrober1,15.06,
jamie1,15.05,
jword9682,15.05,
simonegenne,15.04,
herbys,15.04,
selina,15.03,
ucab000,15.03,
alwayshi,14.99,
betty12,14.98,
bbc291,14.96,
ruben,14.96,
gbates,14.95,
jenmangin1234,14.94,
taraw,14.94,
anniew,14.94,
money123,14.93,
michellew,14.9,
dwood,14.9,
comfy36,14.87,
hawaiianboi,14.86,
p1nga,14.86,
tytaylor,14.84,
kanoelani18,14.83,
roxy,14.83,
charger1,14.82,
boxologist,14.82,
aloha610,14.8,
lohiost69,14.79,
devildoll,14.77,
kraanyg,14.77,
missi,14.75,
fbibyrd,14.73,
dkidd2004,14.68,
foxracing1913,14.64,
arizonakid,14.64,
catbabie,14.63,
trina,14.63,
mama1954,14.62,
aturtle1968,14.62,
cathy,14.59,
indyzander,14.58,
postman06,14.56,
k69t,14.56,
billc,14.55,
nacontijr,14.55,
laurenmannion,14.53,
itzmik3,14.53,
higa20,14.53,
syberia2613,14.51,
brian404040,14.51,
atenveldt2012,14.5,
lestermbaps68,14.46,
fernelson1,14.46,
kellymarie,14.43,
dwootang9,14.43,
hvyfuel,14.4,
inch02,14.38,
tunny1971,14.38,
g0rillamitts,14.38,
vicki,14.35,
hydrocarbon22,14.33,
ninjajon627,14.33,
mmd8789,14.33,
kaleymorris,14.32,
jodene,14.31,
heathc,14.3,
tinad,14.3,
bnj5860,14.3,
jrock410,14.29,
sammonji,14.29,
chriszimmerman,14.28,
rroogg,14.28,
brandeezy,14.27,
nancymendoza,14.26,
mjohnson,14.26,
shooters,14.25,
jmp41484,14.24,
rocco13247,14.24,
msnyder76,14.23,
dweikel,14.22,
dsully,14.22,
dart9,14.21,
seanarenas,14.2,
tree02,14.19,
liz12,14.17,
georgemiller,14.17,
tdavis54,14.17,
pennys03,14.15,
knobl972,14.14,
jennay112,14.13,
sdbwls3,14.1,
clo1234,14.06,
krisyaklin,14.04,
gloriav,14.02,
susanabe,14.02,
romco,14.02,
godsgiff,14.01,
kaimiloa68,14.01,
bigbeargirl,14.01,
mary,14.01,
johnnybravo,13.96,
robin,13.96,
mangum747,13.96,
leo777,13.95,
niknak,13.94,
heatherann,13.91,
jim,13.87,
stef2001,13.85,
bluedrag000,13.83,
kenny,13.82,
chief2,13.81,
debra,13.79,
jerseygirl,13.76,
hawkp0ny,13.76,
carolle13,13.75,
malate40,13.72,
j0hnny8laze,13.71,
angelshover,13.7,
sunspotjoez,13.69,
sanro1,13.64,
colette,13.62,
mauricefitz,13.62,
saint4life5,13.6,
stephanieml7,13.59,
sheldon11,13.58,
swalk006,13.57,
pointwhore52,13.57,
rachel89,13.55,
jennifere,13.54,
nctrnln32,13.52,
toosh84,13.51,
sully19,13.5,
bigstuff97,13.45,
jdl66fla,13.44,
becky16,13.42,
jamie,13.41,
jeanette,13.4,
lantus2014,13.38,
xpduffman,13.38,
usbs,13.32,
ncastaneda,13.32,
zman,13.31,
dan12,13.3,
delta116n,13.29,
tristanfelicano,13.23,
afy1990,13.23,
conner,13.18,
markbarnes,13.17,
bigmommadaggett07,13.16,
billpenn,13.16,
jstrobel123,13.16,
hannahgold,13.15,
chrisforsberg,13.14,
apple1234,13.12,
senyorbuba,13.06,
jesselawson02,13.04,
mikeevalle,13.03,
tommy1025,13.03,
jfiggy,13.02,
dart8,13.02,
ryday8,13.01,
karissagold,12.98,
ryanv,12.98,
protodope,12.94,
tylerfly0213,12.93,
katielee,12.92,
jacool,12.91,
teresa12,12.89,
mypenride,12.89,
dart7,12.81,
littlec1971,12.81,
suzie2013,12.8,
capozzi,12.77,
j2232001,12.74,
matthewawolfe,12.72,
wski0000,12.7,
kimbree,12.67,
tish0716,12.61,
nanette,12.6,
weaksauce808,12.57,
dez,12.55,
babyq,12.53,
ashwood428,12.52,
jeremybingaman,12.5,
dylan,12.41,
dart11,12.41,
tinaz,12.39,
dragonsky,12.38,
crazybitch,12.37,
cqangie1976,12.37,
brewster06,12.35,
lreilly,12.25,
dspangler44,12.24,
jfi1et,12.19,
dart12,12.16,
jhiggins,12.15,
meganevon,12.15,
cdmark1970,12.13,
jsmith1199,12.12,
triciadarts,12.11,
annecraddock,12.09,
tyork1968,12.08,
darkdart,12.07,
coach,12.05,
jenandjuice,12.05,
aaronm,12.02,
ykm303,12.02,
basketball,11.9,
dart2,11.79,
megangentry,11.74,
isaac,11.69,
ethan,11.69,
irishsmudge,11.44,
knightni,11.36,
raptor,11.13,
jgbonc,11.12,
dart5,11,
santina64,10.92,
barronsaz,10.54,
cindy0604,10.53,
phredeye,10.53,
dart1,10.46,
macielewis,10.34,
dart3,10.17,
china,10.05,
dart6,9.96,
coreymarc,9.52,
rusty2260,9.29,
josephtung,8.89,
deimos6971,8.73,
dart4,8.22,
leonzerby86,7.91,
apr217399,16.64,
bzigmzike,23.6,
doctormanny,12.09,
fargoski75,12.47,
ferdy,21.5,
george2u,21.82,
gf12121972,35.35,
jamel58,24.79,
jjkrash58,19.92,
jojo,25.28,
kessler501,37.25,
latts15,17.62,
leaplijm,20.59,
lindseyfaye,14.35,
maurov07,0,
mgoblue,11.26,
narkeesa13,15.85,
obriens0606,21.25,
paulzilla,19.42,
pinky0026,22.35,
ramrod6666,0,
renegade,26.18,
sami27,15.5,
shaun,24.02,
staats2611,25.03,
steves8,0,
therrlein,13.17,
tylertajima,19.62,
ahren,22.14,
aj031890,0,
alvinbrewer,0,
modglinalyssa,10.25,
amberalert,16.28,
dndsmom,17.28,
andtwfarr1696,0,
birdnest808,18.87,
anthpollock,27.46,
shooter81,0,
aedwards17,0,
ashleywasden,0,
austin,23.38,
austin85,18.25,
bedo82082,20.06,
wprovau,31.31,
billemerick,15.37,
bhughes,24.71,
wwingert,20.07,
b3281965,17.46,
broberts,14.6,
latimer1517,26.34,
budlht,16.38,
bradawg,27.87,
batman101,17.05,
nikesoccer18,0,
almighty,23.44,
pyro1988,22.17,
bastienb,0,
e122728,0,
bekaczmarski,0,
coltrain95,23.3,
bridgetblg,12.66,
babygirl318,12.57,
britt,0,
terps610,0,
carlp234,23.51,
charlie,0,
crs24fan,20.1,
chrisc,0,
go360darts,0,
chrissyward1,13.95,
jayden7,14.6,
christis79,0,
monstah,24.16,
sissy88girl,19.63,
wvblondie,0,
puddin,27.36,
cmoran,18.06,
craigh,29.89,
bigd1981,20.49,
dangit,0,
dsak12,25.2,
monster1,21.5,
dani,0,
danielle3dmb,16.99,
dart20,0,
dart4,8.22,
daryanmartin,0,
conroydt,18.46,
dherzog,0,
djohns,13.46,
huck21,22.49,
debz,21.59,
dennymc1024,26.26,
d5962c,16.19,
donnadaley,20.3,
freddiex13,20.17,
epicdave,17.63,
erics180,0,
ferragamovince,11.63,
floriderzx6,0,
tank,30.7,
fpsbackhoe,26.65,
barnie,0,
garettsanders,0,
rcgoose21,0,
jake,0,
jcohn,12.66,
jamie22boo,13.71,
cubbyad5,0,
wildbronco1141981,26.19,
litjeannie1965,0,
ruggerrock,25.58,
hoosier07,33.07,
luckd,25.06,
dx269,32.11,
whore1,0,
jensanity78,0,
jeramyscott,23.36,
jalvarado123,20.81,
kichiguy92,23.76,
jessegore,0,
jehrenstrom,23.5,
jimmymcbride,11.37,
lynchability,11.56,
joe,24.56,
jfarthing,24.29,
twistdbydsign09,19.82,
jmeir248,0,
johno,27.44,
mightybonz,28.67,
jolene,9.66,
jc007,13.45,
pinkcookie,0,
joshgarber,30.99,
tfsrider,14.96,
countrygator,20.16,
juice,14.89,
jpizzle,30.31,
justinm,23.13,
karenbarbadaes,10,
kathyshannon5,0,
paul,0,
erratik412,14.7,
john21857,15.03,
kerry73,0,
qzilla,25.56,
blttwin,22.62,
kevin4457,0,
n9ne4our,18.04,
kimtew,0,
kris3030,14.92,
kristinaellison,19.6,
kylecline,0,
misslacey1983,12.36,
layne,12.67,
leec61,16.24,
rapper0913,17.99,
jazzyjez11,18.13,
leo0418,26.11,
lc121,15.05,
lisakern,0,
lboshart,14.54,
leftyluke,0,
lydell1024,16.37,
mandeeb118,19.37,
duke0012,22.27,
flafisherman,0,
mattkoon,32.77,
echorhayne,12.8,
melindalloyd,0,
djmichaelk,0,
michelebrown,0,
buczgrl98,21.12,
clardy1962,23.02,
kontos18,26.41,
sinnerz69,18.75,
mikeyz70,24.44,
moose2103,18.44,
mstrickland82,0,
myksez0414,23.46,
miked,18.23,
mhendrickson1,15.66,
lan82,19.01,
whalen624,0,
moore04,15.02,
usmc,15.54,
paul1960,0,
pstomcum,18.68,
paulamurphy,15.8,
privera,15.24,
masterpsktr,0,
deliverance,30.38,
randy27,0,
richardmcginnis2005,15.41,
rickhelton,16.8,
rosszaszi,0,
buchanan24,25.12,
scarberry25,29.44,
rstauter66,21.01,
cowboys88228,16.97,
roadkill61,0,
robyn1976,13.62,
robzz,24.42,
spadaforarj,0,
rcstll555,23.09,
tonie229,12.43,
khalsa,15.22,
ryanw,20.36,
lfnntz808,21.67,
sjc89115,14.24,
scarberry,16.22,
sminzola,20.95,
scottstanley,15.97,
scudder,22.58,
funsize8oh8,16.2,
wally,0,
bigmac,22.1,
shawn29555,0,
sheliabrown,0,
skato,20.28,
staceygenne,0,
scrub91732,21.26,
bigdaddy1123,0,
sueru,0,
tflorian,13.05,
terry1115,0,
terrywells,23.15,
theprodigy,0,
theresalynn,0,
tenderheart,15.31,
angels02,0,
mistere11,0,
timff20,0,
tdurham,13.12,
tomvanson,0,
thall,14.4,
tonycrawford12,24.42,
tsmeland,0,
traceface,13.33,
tracy14,19.01,
tyeztoyz,24.56,
verniboy,16.8,
vdrust,18.07,
bombhills,16.91,
markfair,,4.81
craigi,,4.66
scorpion180,,4.65
timadams,,4.61
mark104,,4.58
baltimoreclipper,,4.58
drstew1277,,4.46
eddiemorales,,4.43
dflowers,,4.4
jeddart,,4.38
jimrobinson,,4.36
andym,,4.36
peteh,,4.31
trooper,,4.26
jpidarts,,4.26
johnbeard,,4.25
darthack57,,4.23
george,,4.2
data174,,4.2
kkaneshi,,4.2
bwalton,,4.18
davewilderman,,4.15
r1breck,,4.15
maddg180,,4.15
philman,,4.13
mikescar,,4.13
lbthad,,4.11
won23,,4.1
peterl,,4.08
phxkix76,,4.05
elmer,,4.04
johnnyk180,,4.03
naluboy04,,4.02
carolinakid,,4.02
doug808,,4
extremehop,,3.98
jkulsa,,3.97
serena,,3.96
ozzie,,3.95
ashten,,3.94
emily,,3.93
showers,,3.92
dartmaster,,3.91
bg420,,3.91
bullcoks,,3.88
robertdixon,,3.86
whoppa72,,3.85
greg,,3.85
jimnolte,,3.83
soko721,,3.83
dartkid1,,3.83
dsiperly,,3.83
dweikel,,3.82
gdoheny,,3.79
tigertok,,3.79
markmeares,,3.78
jgraton,,3.78
lucky,,3.77
drowdd,,3.77
kamander,,3.77
lonnykempf68,,3.76
brettroberts,,3.74
bartz123,,3.74
rlweevo8,,3.72
mofsie0176,,3.71
abrant95,,3.7
rstewart,,3.7
sidney,,3.69
eds,,3.69
edshoepe,,3.68
azpig,,3.68
jonesj,,3.68
craigh,,3.67
k1ng,,3.66
lakertime,,3.66
miker,,3.66
davidllerena,,3.66
cowboy,,3.65
montana16,,3.65
shad13,,3.65
scherbing,,3.64
sneuplazx,,3.63
haas,,3.63
tubby1972,,3.63
markkoldesko,,3.63
devonation,,3.63
spricket,,3.63
jjjamriska,,3.62
jlee,,3.61
kalehilligas,,3.6
schultzy,,3.6
mikegloss,,3.6
crath,,3.6
nickriv,,3.59
sheareynolds,,3.59
dirtrider929,,3.58
sdubois,,3.58
skinny,,3.57
randy,,3.56
rschmitt,,3.56
wbloss,,3.56
teamstai350,,3.56
ronnellb,,3.55
willie,,3.55
bgslim,,3.54
jimbodish3,,3.53
michaelmelo,,3.53
cmrath,,3.53
harold,,3.53
kory,,3.53
jasongodek,,3.51
mikebarr,,3.51
danohpp69,,3.5
elizabeth,,3.5
rupert1,,3.49
killian24,,3.49
jmb110672,,3.48
jrod,,3.48
cashkutz77,,3.47
yurga,,3.46
kerwinlloyd,,3.46
mmensinger,,3.46
vindel,,3.46
hwanta,,3.45
galactus0504,,3.45
paulp,,3.45
bobby147,,3.45
localasian,,3.45
pvelenger,,3.45
allenjohnson,,3.45
jimmyworrell,,3.44
bobcody19588,,3.44
tony,,3.44
danb,,3.44
drew14500,,3.44
jesswncr1,,3.44
js49ers,,3.44
johno,,3.43
ddartgod,,3.43
fjb15425,,3.42
tdempsey,,3.42
dodgers23,,3.41
clizzardism,,3.41
gam,,3.41
elston,,3.4
stevek,,3.39
woodpecker,,3.39
kluhr,,3.39
lukelee,,3.38
alvinreynolds,,3.38
rustylewis,,3.38
dgarlough,,3.38
brianp,,3.36
ronsmith,,3.35
cb112233,,3.35
chrisg,,3.34
rascal808,,3.34
melissap180,,3.34
billyj,,3.34
nightcap24,,3.33
buckslayer33,,3.33
dankchina,,3.32
whitehorse1,,3.32
tensaibaka1,,3.31
eggs,,3.3
dradner,,3.3
dartssking25,,3.29
wed190,,3.28
fleasandticks,,3.28
ronniecole,,3.27
jranold05,,3.26
weldprorp1,,3.26
dallas88,,3.26
rushed55,,3.25
keola,,3.24
jake001,,3.24
j120477d,,3.24
jdaddio,,3.24
mallison,,3.24
rapper0913,,3.23
smp4,,3.23
brian1527,,3.23
bradons,,3.22
unkie,,3.22
ryandahammah,,3.21
cthomas81,,3.21
onoboy,,3.21
bud,,3.2
dsmithii,,3.2
teer2,,3.2
apg7879kids9,,3.2
jeffn,,3.2
mspicer,,3.19
peaches33,,3.18
boomboom,,3.18
tidal,,3.18
bigjosh6106,,3.18
angelakuhn,,3.17
mrdart7718,,3.17
patrick,,3.17
cdouthat,,3.17
khos,,3.16
walton17535,,3.15
tmistydad2,,3.15
dennis69,,3.15
moore,,3.14
jlivensparger,,3.14
steelcurt77,,3.14
jluke,,3.14
mslusser,,3.13
eroper,,3.13
jeffgaiggs,,3.12
drifta808,,3.12
fdurst101,,3.12
richardd,,3.12
rmole,,3.11
pillowpants69,,3.11
angrysmurf,,3.11
j2346,,3.11
themind1162,,3.1
jimkinee,,3.1
b2469,,3.1
crobs1,,3.1
kekic,,3.1
jharv1985,,3.1
henryjordy,,3.08
dceric1313,,3.08
dartmonster,,3.08
steve,,3.08
reno,,3.07
bjones,,3.07
jstilts,,3.06
greghensley,,3.05
edb,,3.05
gimo,,3.05
wheeler10,,3.05
ixnay1039,,3.05
robert0915,,3.05
tommy,,3.05
crazynative,,3.04
tinsken1,,3.04
egarma,,3.04
matt1129,,3.04
billeast,,3.04
russsalvador,,3.04
gramirez,,3.04
johnnymacc36,,3.04
ggarma808,,3.03
heath,,3.03
villain,,3.03
j2206,,3.03
ryanrichards,,3.03
jwells,,3.02
jeff,,3.02
krugi1121,,3.02
boomer10,,3.02
kleaver,,3.01
slepecki,,3.01
madhatter,,3.01
knightni,,3
coach,,3
bobmccoll,,3
chris12,,2.99
jdub,,2.99
adamwunglueck,,2.98
jim2529,,2.97
jody,,2.97
bborelli,,2.97
billt3316,,2.97
davidhickman,,2.97
frog,,2.97
trainer6,,2.96
murrdogg,,2.96
pops,,2.96
stevthomps,,2.96
xmarc72x,,2.95
ben,,2.95
redneck,,2.95
mtprice20,,2.95
jef1712,,2.95
bubba,,2.95
bryan56,,2.95
dgomez,,2.95
shawn730,,2.94
yamblaster200,,2.94
frank13,,2.93
hendog72,,2.93
fatboyzjerky,,2.93
clyde,,2.93
dylanandersen,,2.93
garystratton,,2.92
g2112,,2.92
billbeard,,2.92
flizzip,,2.91
lelan,,2.91
marinesniper1,,2.91
halstorm,,2.91
shrek,,2.9
lynn,,2.9
thegiant,,2.9
lazerxdarts,,2.9
xzavier,,2.9
k0na,,2.9
brianc2023,,2.89
repodart,,2.89
mattycakes,,2.89
tommygun760,,2.89
kieron,,2.89
mikeeee,,2.89
usmcela,,2.88
rick,,2.88
mark,,2.88
won234,,2.88
sski,,2.88
rkeckler,,2.88
fat1179,,2.88
drainey,,2.87
porkpie1,,2.87
skinman923,,2.86
tonyz,,2.86
joshmeyer,,2.86
junior,,2.86
kurse,,2.85
veek5,,2.85
hawk,,2.85
salanga,,2.85
ted420,,2.85
tylermeares,,2.85
maggotbrain,,2.85
michaelmayberry,,2.84
bobby,,2.84
tkunkel,,2.84
dvinesky,,2.84
kevintaylor,,2.84
claylittle,,2.84
thunder716,,2.83
johnd,,2.83
nsasinowski,,2.83
bigal,,2.83
adamy,,2.83
rodneypryor,,2.82
quintmateen,,2.82
rilo,,2.82
miahb,,2.81
mosdef8,,2.81
hcedillo,,2.81
jeff6161,,2.81
eddwin,,2.81
rockowen,,2.81
q1718,,2.81
tylerwargo,,2.8
lamato,,2.8
shieldsda,,2.8
preston,,2.8
cody12,,2.8
shartnett,,2.8
grimct,,2.79
toxic,,2.78
jasondodge,,2.78
rob213,,2.77
brownie,,2.77
willieszabo,,2.77
tinman,,2.77
fjames,,2.77
kormick,,2.77
tomwilliamson,,2.77
rprince,,2.77
boibbymac,,2.76
aname3,,2.76
wayners15,,2.76
albertmaerz,,2.75
cavronie,,2.75
vetteman,,2.75
changgi,,2.75
crow2103,,2.75
kostura14,,2.75
zdopey,,2.74
butter,,2.74
alanl,,2.74
cowboy0927,,2.74
deleonibus,,2.74
kpenney,,2.74
dinman,,2.74
douglass,,2.73
rohlfing04,,2.73
johnmeyke,,2.73
rfeche2370,,2.73
jtrip12,,2.73
dwright,,2.73
jryanwong,,2.72
ronm,,2.72
haroldt,,2.72
dennis1,,2.72
mongol,,2.71
hank,,2.71
skikuchi2,,2.71
dartmaster56,,2.71
larryvaughn,,2.71
ad2266,,2.71
pudge017,,2.71
phillies1,,2.71
lilybaby,,2.71
mcbrian,,2.7
jlinko18,,2.7
mkurley,,2.7
eichornadam,,2.7
dman72,,2.7
bnolder,,2.7
joeymeade,,2.7
daveward,,2.69
psychooh,,2.69
toshio71,,2.69
bblake,,2.69
m00300003,,2.69
keithk575,,2.69
mrrogers,,2.69
jimmywilson,,2.68
dyork778,,2.68
jp324,,2.68
leod,,2.68
denise0904,,2.68
richieo31,,2.68
sixdartout,,2.68
jmg1380,,2.67
grantono53,,2.67
weerdo626,,2.67
peten,,2.67
crash1031,,2.66
tbevans,,2.66
fancy,,2.66
toto,,2.66
dustinanderson,,2.65
jamess,,2.65
fburns19,,2.65
stirfry,,2.64
gaz66,,2.64
goodwij7,,2.64
ediamond,,2.64
pjlasher,,2.64
jaybee,,2.63
aleksiejczyk,,2.63
kevin,,2.63
victor1122,,2.63
carloselizondo,,2.63
rw1234,,2.63
tvgreen,,2.62
hazmat,,2.62
skrzat,,2.62
joej,,2.62
ace,,2.62
jbrown,,2.61
callie75,,2.61
houdini,,2.61
briancastilho,,2.61
bsandman6,,2.61
codyreynolds,,2.61
james,,2.6
kingkaio77,,2.6
cowboybob,,2.6
gdart1,,2.59
trobertson,,2.59
linky,,2.59
luis,,2.58
wwilk1989,,2.58
woozy,,2.58
jbucket53,,2.57
owosso,,2.57
justlaugh,,2.57
figgy,,2.56
powiethepower,,2.56
uyt567,,2.55
springball2013,,2.55
romans828,,2.55
pauliej,,2.55
larrynickols,,2.55
lugo022774,,2.55
boomer808,,2.54
brian,,2.54
fishgodz1,,2.54
hesbros,,2.54
mattrisoldi,,2.54
highman,,2.54
clint12,,2.54
richarddugbridge,,2.53
jimgrier,,2.53
umbrellar3d,,2.53
ochoseis,,2.53
charlesross,,2.53
sepelyak,,2.52
peekn01,,2.52
spot819,,2.52
braddahtom,,2.52
wingfield,,2.52
ryanlutz28,,2.52
armock,,2.52
rr061863,,2.52
gooch81,,2.51
jrock410,,2.51
jakarai06,,2.51
rvera,,2.51
joseph12,,2.51
brandong,,2.5
lerowalker,,2.5
wingman,,2.5
tomvanson,,2.5
jschmidt,,2.5
dustinvalentine,,2.5
robbie,,2.5
theviper,,2.5
martinc,,2.49
docb,,2.49
janeleong,,2.49
twinred,,2.49
timrussell,,2.48
keg62283,,2.48
scottyw12,,2.48
bentshaft,,2.48
asuwest,,2.48
craigbrew,,2.48
mo180,,2.48
munoz5665,,2.48
yanni,,2.47
pb03171965,,2.47
ckelley,,2.47
georgefarr,,2.47
drew1191,,2.47
driverbob,,2.46
wmsfresh,,2.46
seankturner74,,2.46
bobo,,2.46
kirklee,,2.46
bobboh10,,2.46
james7291,,2.45
woodysouthwest,,2.45
kendalltisdale,,2.45
rlutz28,,2.45
bkunkel,,2.45
cuyemura,,2.45
phuntr,,2.44
edwin33,,2.44
cats21464,,2.44
irish,,2.44
justinproctor,,2.44
brickaz,,2.44
tash,,2.43
chelle666,,2.43
frank,,2.43
michelles,,2.43
primtime,,2.43
dart25,,2.42
kate17182,,2.42
rob0227,,2.42
jkelley,,2.42
m3151,,2.42
ktillah808,,2.42
osaru303,,2.42
jimmie,,2.42
ckhawaii1,,2.42
nicolemanning,,2.41
stephanietaylor,,2.41
matto,,2.4
djcp04,,2.4
usa1,,2.4
neal,,2.4
jojostratton,,2.4
tbusch,,2.4
mooseluce,,2.4
jer069,,2.4
obrien,,2.39
lfnntz,,2.39
rberry78,,2.39
brooksy3423,,2.39
shelleyponte,,2.39
folasababy,,2.38
canoetee,,2.38
docb1972,,2.38
johnparsons,,2.38
nrck0814,,2.38
wigs90,,2.38
m1dg2003,,2.38
kaosjoker,,2.38
dave221,,2.38
curtis79,,2.38
mickihughes,,2.37
drock,,2.37
creldredge,,2.37
drperformanceny,,2.37
erickwok,,2.37
bigred1,,2.37
lokene,,2.37
hdossantos,,2.37
cindy,,2.36
travish,,2.36
mkpro,,2.36
thedartshop,,2.36
rinoe,,2.35
password,,2.35
teeisme,,2.35
airgaswest,,2.35
darla,,2.34
xrateddarts,,2.34
tish0716,,2.33
aaron200377,,2.33
minami15,,2.33
jason0612,,2.33
avdarts,,2.33
boltz,,2.33
zman240,,2.33
azjacob97,,2.33
speedy12,,2.33
jessica109,,2.32
sf550m,,2.32
podnar,,2.32
ballsack,,2.32
gwgardnerjr,,2.32
brett,,2.31
theshonzie13,,2.31
theron,,2.31
saintsfan,,2.31
ktallebach,,2.3
tweetychic,,2.3
peanut01,,2.3
hase81m,,2.3
marc,,2.3
travis12,,2.3
jddarter,,2.29
ryandavis,,2.29
tracey226,,2.29
dmatthews,,2.29
hawkeye,,2.29
yonez,,2.29
robertambs,,2.29
raiders,,2.29
dennymiller38,,2.28
brian71d,,2.28
bkelly,,2.28
paulpagtama,,2.28
aguilera,,2.27
bryon7,,2.27
billkinee,,2.27
jelway0799,,2.27
sammonji,,2.26
hjtyler,,2.26
dilligaf,,2.26
askum84,,2.26
ikaikab,,2.26
kris922,,2.26
jsparrow02,,2.26
mnichols69,,2.26
dulak,,2.25
gmark808,,2.25
fry1488,,2.25
derekw,,2.25
kenneth,,2.25
dancer61024,,2.25
bossdave11,,2.24
rstauter66,,2.24
shawn,,2.24
ilovedarts4life,,2.24
kelli722,,2.24
matt,,2.24
danka93,,2.24
tbowk2006,,2.23
day10,,2.23
amberhuddleston,,2.23
ralphc,,2.23
brians,,2.23
terigalford,,2.22
billy,,2.22
rody1,,2.22
swede1,,2.22
cory0604,,2.22
diana,,2.22
jmclean,,2.22
goree4259,,2.22
sstew1277,,2.22
busta808,,2.22
jeff12,,2.22
newton,,2.21
brandi,,2.21
ang1966,,2.21
superiordarts68,,2.21
khackman,,2.21
los,,2.21
ttrips,,2.21
dked,,2.21
dartteese,,2.21
jennifer,,2.21
frankbenning,,2.2
rc0311,,2.2
kbkurmis,,2.2
coreyarhart,,2.2
danieldgt7,,2.2
marci,,2.2
rmdragonite,,2.2
buttonsmisty2012,,2.2
anna,,2.2
slanicka,,2.19
polini,,2.19
badassblunt420,,2.19
michaelh,,2.19
daveandersen,,2.19
devin,,2.18
skunishima,,2.18
mrmike,,2.18
scottf,,2.18
kristi,,2.18
vancil,,2.18
satu808,,2.18
larryv,,2.18
mz86,,2.18
isaac5,,2.18
pinoy8604,,2.18
toobad,,2.18
parker,,2.18
silenttd,,2.18
pico,,2.18
aaa32,,2.18
jrcastillo,,2.17
skeet,,2.17
debbieboren,,2.17
sanderella,,2.17
mikebrown,,2.17
jeffreypaiz31,,2.17
phillarican,,2.17
crashdavis08,,2.17
mjmoreno66,,2.16
kate314,,2.16
hotrod24,,2.16
browns,,2.16
lestermbaps68,,2.15
labelwise,,2.15
wayne,,2.15
beff,,2.15
jason,,2.15
toddbowen,,2.15
shawnee,,2.15
edw1n,,2.15
hogan83,,2.15
bougher,,2.14
tinaleen0955,,2.14
skylar76,,2.14
evag,,2.14
carla,,2.14
tiim1007,,2.14
robert12,,2.14
henry,,2.14
nathantse,,2.14
beerme12pk,,2.13
lmnop,,2.13
tank01,,2.13
naonep,,2.13
pochobuilt,,2.13
chriszimmerman,,2.12
jadeemm,,2.12
eddygrey,,2.12
giggles,,2.12
mcshaft,,2.12
dcarberry,,2.12
dwightg,,2.11
brysonkk,,2.11
sacrtc01,,2.11
zjohnson89,,2.11
bfiorani,,2.1
mikeberk29,,2.1
mannaree09,,2.1
jrrepoman,,2.1
dannyhidalgo,,2.1
burnout420,,2.1
chrisbryan,,2.09
rsummers40,,2.09
nctrnln32,,2.09
julz,,2.09
mikeylikedit,,2.09
ambrogis,,2.09
mparks,,2.09
wushutiger,,2.09
azjeg,,2.09
kristens,,2.09
ogysjules,,2.09
gina,,2.08
tommygun,,2.08
frailey,,2.08
brad666,,2.08
apple12345,,2.08
kevinlloyd,,2.08
dgoetter,,2.07
sheldon11,,2.07
phantomace88,,2.07
rome62,,2.07
patrita,,2.07
tattedgod,,2.07
dawnlewis,,2.07
shane,,2.07
mikeevalle,,2.06
pocketrocket,,2.06
destanieward,,2.06
marian,,2.06
epicdave,,2.06
blizz808,,2.06
jr22,,2.06
amberbell319,,2.06
hophead,,2.06
dbotelho71,,2.06
ross,,2.06
spocdlowkey1,,2.05
barb3549,,2.05
arapahopi,,2.05
therealjamece,,2.05
jamies,,2.05
jlopez,,2.05
jgsquirt,,2.05
jsherwin85,,2.05
god0915,,2.05
tree02,,2.04
walks,,2.04
shinjo1,,2.04
homer13,,2.04
mrsvans2006,,2.04
dom123,,2.04
stevo,,2.04
fginder,,2.04
swetness,,2.04
richwesner,,2.03
brjames,,2.03
chris1123,,2.03
tumi01,,2.03
jmac220,,2.03
caine,,2.03
filsis,,2.03
hica5t3r,,2.03
toolbox,,2.03
kiki,,2.03
langetile,,2.02
wcjames,,2.02
rudy12,,2.02
dlmoore1229,,2.02
javoigt1,,2.02
nick,,2.02
nsiperly,,2.02
boozer12,,2.02
dale,,2.02
jamesadams,,2.01
charliex200,,2.01
girlsswimtaxi,,2.01
messina,,2.01
sean,,2.01
ernie,,2.01
bobbylite,,2.01
gasman,,2.01
adamr,,2.01
justin87,,2.01
nalosoljah,,2
adamlaughlin,,2
tazz,,2
kaulana,,2
jimluft,,2
chrisparsons,,2
ronint80,,2
brandy12,,2
gk9916,,2
warubozo,,2
keithsielaff,,2
cortez,,2
thurnis,,1.99
sheri,,1.99
teammurder,,1.99
smurphy,,1.99
briantulish,,1.98
ryday8,,1.98
joecarroll,,1.98
christa14,,1.98
katiwillis,,1.98
tomblake,,1.98
tdavis54,,1.97
msgalactus,,1.97
willhills,,1.97
rickybobby,,1.97
goose,,1.97
cronickiller,,1.97
kaybrew23,,1.97
jesse,,1.97
bjamin18,,1.96
jamesdet,,1.96
dart5th,,1.96
tonyhannon,,1.96
cathyg,,1.95
zroberts,,1.95
haleyalexander,,1.95
teresa,,1.95
matt79,,1.95
st0307,,1.95
evoracer,,1.95
tammyworrell,,1.94
exactice,,1.94
tjohnson,,1.94
sebar003,,1.94
dartroom,,1.94
paulyboy,,1.94
vincent,,1.93
skatepunk1,,1.93
dartbitch,,1.93
kdub706,,1.93
teleebes10,,1.93
bobt,,1.93
rickholg,,1.92
allknightlong1,,1.92
honeygrl88,,1.92
bktakao6,,1.92
ablank,,1.92
cindy0604,,1.91
isaac,,1.91
valwolff83,,1.91
shaas,,1.91
wiggle1,,1.91
kevinb,,1.91
c1134,,1.91
megganleigh,,1.91
champs8008,,1.91
jgarma808,,1.91
jackgeorge,,1.9
mypenride,,1.9
lantus2014,,1.9
johnnybravo,,1.9
gravy1,,1.9
flyers506,,1.9
stu@dartoo.us,,1.9
adunn2004,,1.9
caster100,,1.9
bcap4800,,1.9
megzy07,,1.9
d000420,,1.9
z97056,,1.9
hollister,,1.9
dartdaughter,,1.9
jdbarba104,,1.89
julio1,,1.89
tadc,,1.89
borda,,1.89
mikeyb,,1.89
badjoojoo,,1.89
vanvader,,1.88
annecraddock,,1.88
sdbwls3,,1.88
jethridge70,,1.88
sflicinski,,1.88
peterali,,1.88
phxcaps,,1.88
txnguyen,,1.88
florence69,,1.88
suzysmith8094,,1.88
danielacosta,,1.88
highcountry1,,1.88
jeanetteb,,1.87
creed84,,1.87
negler0213,,1.87
joanne,,1.87
rogern,,1.87
howeta,,1.87
marmish,,1.87
washerman,,1.87
erock666,,1.87
robert,,1.86
blusunday,,1.85
rusty,,1.85
snake31237,,1.85
mwyma2002,,1.85
valrog1999,,1.85
wzv100,,1.85
gyver,,1.85
dman,,1.85
dseamans,,1.85
dballebach,,1.84
cvanscoter,,1.84
garyfly2,,1.84
hawkp0ny,,1.84
dshouseman,,1.84
wburcham,,1.84
vr666,,1.84
m1014,,1.84
bez32,,1.84
kimg,,1.84
tiger1,,1.84
gmoney,,1.84
pointwhore58,,1.84
yeddie,,1.84
kvirginia,,1.83
simonegenne,,1.83
jlophx,,1.83
eric00af,,1.83
jthom195,,1.83
kroberts798,,1.83
violet,,1.83
wade,,1.83
colette,,1.82
mjohnson,,1.82
ruben,,1.82
russell,,1.82
stalker,,1.82
wallflower,,1.82
hevy908,,1.82
davebyer,,1.82
nacontijr,,1.81
monicab1110,,1.81
dizziboi,,1.81
kcdia2468,,1.81
ciawsum,,1.81
phoenixlily,,1.81
diggs5646,,1.81
tobinblows,,1.81
hayleysaint,,1.8
lorilarson,,1.8
darts,,1.8
gabs8842,,1.8
ruben12,,1.8
tmfj,,1.8
asufan94,,1.8
mylinda,,1.8
kennelai2,,1.8
davidh,,1.8
tampatay2012,,1.8
gsilkey,,1.8
giulio,,1.8
barronsaz,,1.79
toosh84,,1.79
jeffrey,,1.79
jazzygirl,,1.79
mannaree,,1.79
morawetz,,1.79
redhoney,,1.79
matthews28,,1.79
dez,,1.78
greensgreen,,1.78
jenng24,,1.78
michele618,,1.78
k69t,,1.77
tytaylor,,1.77
setinstoneaz,,1.77
apache928,,1.77
gspot,,1.77
chiefgame1,,1.76
j2232001,,1.76
mikev,,1.76
mas1113,,1.76
flipmaster,,1.76
tigers,,1.76
rroogg,,1.75
brittany14,,1.75
juliosr,,1.75
jake279,,1.75
cheryl,,1.74
hannoncannon,,1.74
alohag94,,1.74
freddiex13,,1.74
haybray54,,1.74
sami1713,,1.74
pole1967,,1.73
donnyfu24,,1.73
liz12,,1.73
dsully,,1.73
fernelson1,,1.73
matttheman,,1.73
john,,1.73
majorfazer10,,1.73
jello33,,1.73
mxracer249,,1.73
jayperez,,1.73
drick21,,1.72
kaneohekid12,,1.72
postman06,,1.72
michellew,,1.72
jerrys,,1.72
kaitehild,,1.72
dkane808,,1.72
monkey,,1.72
wjh,,1.71
abuz4me,,1.71
jaylei97,,1.71
knobl972,,1.71
philip12,,1.71
jrebolledo,,1.71
dabomb1,,1.71
billklenske,,1.71
lisa73,,1.7
kaimiloa68,,1.7
indyzander,,1.7
rainizzle,,1.7
broxbombers,,1.7
gorilla92,,1.7
kevinkevo,,1.7
brianbumpus,,1.69
brandeezy,,1.69
hawaiianboi,,1.69
djroskull1,,1.69
chandre,,1.69
boostrich1,,1.69
designsbyd,,1.68
gloriav,,1.68
bbc291,,1.68
az691515,,1.68
hoofarted,,1.68
gabbychubby,,1.68
elwall,,1.68
coorsray,,1.67
sanro1,,1.67
po28,,1.67
twood5,,1.67
yooper,,1.67
jmatthews,,1.67
chris,,1.67
higa20,,1.66
missi,,1.66
charger1,,1.66
allierenfrow,,1.66
icewhit,,1.66
danagardner,,1.66
donna12,,1.66
axb0350,,1.66
mike12,,1.66
rnich,,1.66
jago808,,1.65
dspangler44,,1.65
jacool,,1.65
rainman45,,1.65
dee12,,1.65
snape,,1.65
josedlc,,1.65
hizzi38,,1.65
kraanyg,,1.64
jjl6942,,1.64
nabox64,,1.64
tiffanyparker,,1.64
lovinghop,,1.64
randymcnown,,1.64
cricket5134,,1.64
arthuperez,,1.64
majinbuu808,,1.64
dwalker1172,,1.64
rachel89,,1.63
leo777,,1.63
johan,,1.63
cbell,,1.63
dawnn01,,1.63
bnjd1211,,1.63
shecky722,,1.62
debra,,1.62
mrober1,,1.62
kyle623,,1.62
jeffie,,1.62
bman77420,,1.62
edfreese,,1.61
ozzman7,,1.61
tyork1968,,1.61
xpduffman,,1.61
pointwhore52,,1.61
saint4life5,,1.61
pennys03,,1.61
jmp41484,,1.61
inch02,,1.61
p1nga,,1.61
cmbarnett04,,1.61
lils,,1.61
devinpreston,,1.61
chrissy1215,,1.61
krystyna1,,1.61
krypton,,1.6
chrisforsberg,,1.6
aturtle1968,,1.6
fbibyrd,,1.6
sheiladill,,1.6
rsipler,,1.6
jessew,,1.6
shan,,1.6
tguthrie630,,1.6
billc,,1.59
scofflow,,1.59
jap0421,,1.59
tkinsel60,,1.59
preston215,,1.59
beckynickie,,1.59
madwrenches,,1.59
carolbarrow,,1.59
kota94,,1.59
vgonzalez,,1.58
ectimbol,,1.58
chief2,,1.58
acolon,,1.58
bboiraven,,1.58
johndani01,,1.58
rky3,,1.58
austin9,,1.58
zelda,,1.58
hollywood,,1.58
tecate22,,1.57
teampile,,1.57
thutchinson,,1.57
cakemaker,,1.57
gina510,,1.57
milkmantim,,1.57
gm6651,,1.56
gwiz,,1.56
rorochan77,,1.56
jenandjuice,,1.56
angelshover,,1.56
rsh25,,1.56
brownie1015,,1.56
isaa,,1.56
anyorgen,,1.56
fabulous,,1.55
heathc,,1.55
alwayshi,,1.55
jdmnate,,1.55
lalkov,,1.55
victoria,,1.55
shortfry,,1.54
chinapino,,1.54
ucab000,,1.54
bigbeardan,,1.54
ohgetoverit,,1.54
jfmjr,,1.54
nicole,,1.54
jfonda,,1.53
msnyder76,,1.53
gracie,,1.53
tinaz,,1.52
apple1234,,1.52
tachitachi,,1.52
rbarragan01,,1.52
clo1234,,1.51
atenveldt2012,,1.51
mama1954,,1.51
kfletch,,1.51
karibk,,1.51
mustang,,1.5
deimos6971,,1.5
jgbonc,,1.5
delta116n,,1.5
krisyaklin,,1.5
tunny1971,,1.5
jenmangin1234,,1.5
trxtr75,,1.5
glazdave,,1.5
richieshephard,,1.5
khoi,,1.49
jeremybingaman,,1.49
j0hnny8laze,,1.49
ninjajon627,,1.49
godshall,,1.49
thekeg,,1.49
drifter808,,1.49
rachelh423,,1.49
cdmark1970,,1.48
becky16,,1.48
seanarenas,,1.48
rookie,,1.48
rmichiue,,1.48
skullmonkey,,1.48
lisaxleon,,1.48
chelsea0330,,1.48
tri808,,1.48
bobbymcngrace,,1.48
tonynieto,,1.47
beatricebush,,1.47
psharp,,1.47
reptar22,,1.46
kescarilla1,,1.46
cathy,,1.46
aloha610,,1.46
bassandsnare,,1.46
brcwane,,1.45
karmel11,,1.45
jsmith1199,,1.45
capozzi,,1.45
niknak,,1.45
shooters,,1.45
honey,,1.45
sueanns,,1.45
lisalongoria,,1.45
msmusic89,,1.45
crystal,,1.45
bwakino,,1.45
karenli8684,,1.45
serenag,,1.44
bnj5860,,1.44
roxy,,1.44
comfy36,,1.44
taraw,,1.44
jdmasfuk,,1.44
chromedog069,,1.44
teresa12,,1.43
protodope,,1.43
stephanieml7,,1.43
selina,,1.43
dcmarcus,,1.43
ccardona2411,,1.43
devyn12,,1.43
paulcz,,1.43
dart5,,1.42
randyshaw1,,1.42
mauricefitz,,1.41
brian404040,,1.41
cari,,1.41
michellebriggs,,1.41
sully19,,1.4
susanabe,,1.4
mmd8789,,1.4
kanoelani18,,1.4
money123,,1.4
mdaley,,1.4
bhughes,,1.4
kimbree,,1.39
jodene,,1.39
kaleymorris,,1.39
dwootang9,,1.39
andib,,1.39
babyq,,1.38
ryanv,,1.38
kenny,,1.38
biancamarie,,1.38
jdbaluch,,1.37
meggorman21,,1.37
trina,,1.37
klass,,1.37
dar324,,1.37
basketball,,1.36
nancymendoza,,1.36
catbabie,,1.36
xginealachbb,,1.36
antho34,,1.35
bks1218,,1.35
conner,,1.35
robin,,1.35
vicki,,1.35
g0rillamitts,,1.35
paulie,,1.35
rocco13247,,1.34
boxologist,,1.34
clandis1,,1.34
rusty2260,,1.33
weaksauce808,,1.33
arizonakid,,1.33
ckiser14,,1.33
raptor1,,1.33
awright,,1.33
china,,1.32
lreilly,,1.32
devildoll,,1.32
becky,,1.32
raiders1,,1.32
brightsmiles84,,1.32
afy1990,,1.31
foxracing1913,,1.31
billpenn,,1.3
jstrobel123,,1.3
laurenmannion,,1.3
dwood,,1.3
jmkingpin,,1.3
petee,,1.3
lauressa1,,1.3
godsgiff,,1.29
dart1,,1.28
aaronm,,1.28
bbdarts,,1.28
markbarnes,,1.27
pxcruz2,,1.26
bertolino,,1.26
mary,,1.26
donnie2472,,1.25
dart6,,1.25
megangentry,,1.25
jennay112,,1.25
dkidd2004,,1.25
twalker,,1.25
jeremyl,,1.25
mark12,,1.25
melissa8604,,1.25
bloominggarcia,,1.24
rage69,,1.24
cqangie1976,,1.24
dragonsky,,1.24
matthewawolfe,,1.24
ncastaneda,,1.24
carolle13,,1.24
coreymarc,,1.23
meganevon,,1.23
romco,,1.23
kellymarie,,1.23
bandit,,1.22
jennifere,,1.22
kid25,,1.22
microtails2,,1.22
heatherann,,1.21
leonzerby86,,1.2
lohiost69,,1.2
gbates,,1.2
deven,,1.2
tpack,,1.19
petermary,,1.19
lynda,,1.18
fnherrera12,,1.18
mangum747,,1.17
kinger,,1.17
becca,,1.16
juanita123,,1.16
addie2marie,,1.16
cscheg8311,,1.15
cherlee522,,1.15
dart2,,1.14
jerseygirl,,1.14
christinabanks,,1.14
jesselawson02,,1.13
dan12,,1.13
hydrocarbon22,,1.13
dart3,,1.12
bluedrag000,,1.12
bucki,,1.11
nanette,,1.1
zachident,,1.1
georgemiller,,1.09
path,,1.09
thelmahughes,,1.08
bigmommadaggett07,,1.07
jeanette,,1.07
th742505,,1.05
ashwood428,,1.05
bigbeargirl,,1.05
hvyfuel,,1.05
gjohnson,,1.05
rumiko916,,1.04
brewster06,,1.04
wski0000,,1.03
memphis1367,,1.03
syberia2613,,1.02
jfiggy,,1.01
dart4,,1
dart7,,1
dart8,,1
stef2001,,1
tinad,,1
bjaeger87,,1
carolynne79,,1
jhiggins,,0.99
miki808,,0.98
matt12,,0.97
irishsmudge,,0.96
ethan,,0.96
meganm,,0.95
betty12,,0.95
deblyons,,0.94
swalk006,,0.9
karissagold,,0.84
jdl66fla,,0.84
malate40,,0.81
jim,,0.8
tommy1025,,0.77
jadiebabe21,,0.77
boltz2,,0.77
raptor,,0.7
crazybitch,,0.67
phredeye,,0.65
jamie,,0.61
ashelyschultz,,0.5
apr217399,,2.41
bzigmzike,,1.81
doctormanny,,1.85
fargoski75,,1.65
ferdy,,1.61
george2u,,3.02
gf12121972,,4.14
jamel58,,3.23
jjkrash58,,2.76
jojo,,2.35
kessler501,,4.12
latts15,,2.01
leaplijm,,2.48
lindseyfaye,,1.57
maurov07,,1.79
mgoblue,,1.24
narkeesa13,,1.47
obriens0606,,1.29
paulzilla,,2.05
pinky0026,,2.42
ramrod6666,,0
renegade,,2.46
sami27,,1.66
shaun,,2.37
staats2611,,2.71
steves8,,1.78
therrlein,,1.98
tylertajima,,2.23
ahren,,1.75
aj031890,,1.57
alvinbrewer,,1.91
modglinalyssa,,1.68
amberalert,,1.3
dndsmom,,1.83
andtwfarr1696,,1.09
birdnest808,,2.23
anthpollock,,2.68
shooter81,,0
aedwards17,,1.42
ashleywasden,,1.36
austin,,2.38
austin85,,2.06
bedo82082,,3.09
wprovau,,2.8
billemerick,,1.67
bhughes,,2.5
wwingert,,2.51
b3281965,,2.83
broberts,,1.06
latimer1517,,3.01
budlht,,1.21
bradawg,,2.77
batman101,,2
nikesoccer18,,0
almighty,,0
pyro1988,,1.96
bastienb,,0
e122728,,3.47
bekaczmarski,,2.25
coltrain95,,2.71
bridgetblg,,1.22
babygirl318,,1.02
britt,,0.75
terps610,,0
carlp234,,2.68
charlie,,0
crs24fan,,2.13
chrisc,,0
go360darts,,0
chrissyward1,,1.23
jayden7,,1.46
christis79,,1.35
monstah,,3.11
sissy88girl,,2.36
wvblondie,,0
puddin,,3.34
cmoran,,2.15
craigh,,3.67
bigd1981,,2.29
dangit,,0
dsak12,,2.92
monster1,,3.65
dani,,0
danielle3dmb,,1.71
dart20,,0
dart4,,1
daryanmartin,,1.73
conroydt,,3.34
dherzog,,1.73
djohns,,0
huck21,,2.15
debz,,2.46
dennymc1024,,3.14
d5962c,,1.69
donnadaley,,2.08
freddiex13,,1.76
epicdave,,2.02
erics180,,3.71
ferragamovince,,1.2
floriderzx6,,1.74
tank,,3.29
fpsbackhoe,,2.85
barnie,,1.04
garettsanders,,1.9
rcgoose21,,0
jake,,0
jcohn,,2.15
jamie22boo,,0.93
cubbyad5,,1.06
wildbronco1141981,,2.67
litjeannie1965,,0
ruggerrock,,2.84
hoosier07,,3.87
luckd,,3.24
dx269,,3.18
whore1,,1.42
jensanity78,,0
jeramyscott,,2.26
jalvarado123,,2.48
kichiguy92,,2.77
jessegore,,3.01
jehrenstrom,,2.16
jimmymcbride,,1.29
lynchability,,2
joe,,2.85
jfarthing,,2.43
twistdbydsign09,,1.94
jmeir248,,2.4
johno,,3.52
mightybonz,,3.8
jolene,,1.49
jc007,,1.82
pinkcookie,,0
joshgarber,,3.26
tfsrider,,1.43
countrygator,,2.06
juice,,1.59
jpizzle,,2.16
justinm,,2.7
karenbarbadaes,,1.19
kathyshannon5,,0
paul,,1.4
erratik412,,1.54
john21857,,0
kerry73,,0
qzilla,,2.63
blttwin,,1.6
kevin4457,,0
n9ne4our,,1.79
kimtew,,1.44
kris3030,,1.63
kristinaellison,,1.68
kylecline,,2
misslacey1983,,0
layne,,0
leec61,,1.69
rapper0913,,3.23
jazzyjez11,,1.93
leo0418,,2.87
lc121,,1.46
lisakern,,0
lboshart,,0.77
leftyluke,,1.55
lydell1024,,1.72
mandeeb118,,1.92
duke0012,,2.4
flafisherman,,0
mattkoon,,3.71
echorhayne,,1.28
melindalloyd,,0
djmichaelk,,0
michelebrown,,0
buczgrl98,,1.95
clardy1962,,2.97
kontos18,,2.41
sinnerz69,,2.27
mikeyz70,,3.1
moose2103,,3.33
mstrickland82,,2.97
myksez0414,,2.96
miked,,2
mhendrickson1,,1.97
lan82,,1.88
whalen624,,2.92
moore04,,1.75
usmc,,2.73
paul1960,,1.7
pstomcum,,2.81
paulamurphy,,3.49
privera,,1.97
masterpsktr,,2.02
deliverance,,3.54
randy27,,2.51
richardmcginnis2005,,1.36
rickhelton,,1.72
rosszaszi,,1.51
buchanan24,,2.97
scarberry25,,3.83
rstauter66,,2.44
cowboys88228,,1.74
roadkill61,,0
robyn1976,,1.31
robzz,,2.08
spadaforarj,,2.03
rcstll555,,2.5
tonie229,,1.04
khalsa,,2.37
ryanw,,2.05
lfnntz808,,2.71
sjc89115,,1.4
scarberry,,1.46
sminzola,,2.95
scottstanley,,0
scudder,,2.48
funsize8oh8,,1.39
wally,,0
bigmac,,2.38
shawn29555,,0
sheliabrown,,0
skato,,1.96
staceygenne,,0
scrub91732,,1.95
bigdaddy1123,,3.35
sueru,,0.35
tflorian,,1.08
terry1115,,2.94
terrywells,,2.28
theprodigy,,0
theresalynn,,0
tenderheart,,1.67
angels02,,2.02
mistere11,,0
timff20,,0
tdurham,,1.58
tomvanson,,2.48
thall,,1.75
tonycrawford12,,2.5
tsmeland,,3.54
traceface,,0
tracy14,,1.62
tyeztoyz,,2.91
verniboy,,1.87
vdrust,,1.66
bombhills,,2.31